<?xml version="1.0" encoding="UTF-8" standalone="no" ?>
<Application>

  <Header>
    <Version val="14060.00"/>
    <WithIsn val="Y"/>
  </Header>

  <ProgramsRepositoryHeaders>
    <Program>
      <Header Description="Main Program" ISN_2="1" LastIsn="1" id="1">
        <Resident val="N"/>
        <SQL val="N"/>
        <ReturnValue>
          <ReturnValueAttr/>
          <ParametersAttributes/>
        </ReturnValue>
        <SqlWhereExist val="N"/>
        <TaskType val="B"/>
        <External val="N"/>
        <Offline val="N"/>
        <Closeopentasks val="N"/>
        <RunProjectAs val="O"/>
        <FormType val="N"/>
        <DotNetObjectExists val="N"/>
        <LastModified _date="739142" _time="74902" date="13/09/2024" time="20:48:22"/>
      </Header>
      <SourceFileTimeStamp _date="739142" _time="55102" date="13/09/2024" time="15:18:22"/>
    </Program>
    <Program>
      <Header Description="map_1_1_4" ISN_2="1" LastIsn="2" id="2">
        <Public val="map_1_1_4"/>
        <ExecutionRight comp="-1"/>
        <Resident val="N"/>
        <SQL val="N"/>
        <ReturnValue>
          <ReturnValueAttr/>
          <ParametersAttributes/>
        </ReturnValue>
        <SqlWhereExist val="N"/>
        <TaskType val="B"/>
        <External val="Y"/>
        <Offline val="N"/>
        <DotNetObjectExists val="N"/>
        <LastModified _date="739142" _time="74900" date="13/09/2024" time="20:48:20"/>
      </Header>
      <SourceFileTimeStamp _date="739142" _time="55103" date="13/09/2024" time="15:18:23"/>
    </Program>
    <Program>
      <Header Description="map_1_1_5" ISN_2="1" LastIsn="2" id="3">
        <Public val="map_1_1_5"/>
        <ExecutionRight comp="-1"/>
        <Resident val="N"/>
        <SQL val="N"/>
        <ReturnValue>
          <ReturnValueAttr/>
          <ParametersAttributes/>
        </ReturnValue>
        <SqlWhereExist val="N"/>
        <TaskType val="B"/>
        <External val="Y"/>
        <Offline val="N"/>
        <DotNetObjectExists val="N"/>
        <LastModified _date="739142" _time="74900" date="13/09/2024" time="20:48:20"/>
      </Header>
      <SourceFileTimeStamp _date="739142" _time="55103" date="13/09/2024" time="15:18:23"/>
    </Program>
  </ProgramsRepositoryHeaders>

</Application>
