<?xml version="1.0" encoding="UTF-8" standalone="no" ?>
<Application>

  <Header>
    <Version val="14060.00"/>
    <WithIsn val="Y"/>
    <_InternalTask val="N"/>
    <IsRoot val="N"/>
    <InIndex val="N"/>
    <UniqueISNConvState val="12"/>
  </Header>

  <ProgramsRepository>
    <Programs>
      <Task MainProgram="N">
        <Header Description="map_1_3_5" ISN_2="1" LastIsn="2" id="3">
          <Public val="map_1_3_5"/>
          <ExecutionRight comp="-1"/>
          <Resident val="N"/>
          <SQL val="N"/>
          <ReturnValue>
            <ReturnValueAttr/>
            <ParametersAttributes/>
          </ReturnValue>
          <SqlWhereExist val="N"/>
          <TaskType val="B"/>
          <External val="Y"/>
          <Offline val="N"/>
          <DotNetObjectExists val="N"/>
          <LastModified _date="739126" _time="75481" date="28/08/2024" time="20:58:01"/>
        </Header>
        <ItemIsn val="1"/>
        <Resource>
          <Columns>
            <Column id="1" name="1_Source_DataBlob">
              <PropertyList model="FIELD">
                <Model attr_obj="FIELD_BLOB" id="1"/>
                <StoredAs id="173" val="34"/>
                <Size id="174" val="28"/>
                <Definition id="175" val="2"/>
                <_FieldStyle id="276" val="1"/>
                <Content id="434" val="2"/>
              </PropertyList>
            </Column>
          </Columns>
        </Resource>
        <Information>
          <Key>
            <Mode val="N"/>
          </Key>
          <DB comp="-1"/>
          <Sort>
            <CLS val="A"/>
          </Sort>
          <ForceRecordDelete DEL="N"/>
          <EndTaskCondition val="Y"/>
          <EvaluateEndCondition val="A"/>
          <InitialMode val="M"/>
          <Locate Direction="A"/>
          <Range Direction="A"/>
          <VarRange/>
          <TaskProperties>
            <SelectionTable val="N"/>
            <ConfirmUpdate CNFU="N"/>
            <ConfirmCancel val="N"/>
            <ErrorStrategy val="R"/>
            <LockingStrategy val="M"/>
            <CacheStrategy val="T"/>
            <ForceRecordSuffix val="N"/>
            <TransactionMode val="P"/>
            <TransactionBegin val="N"/>
            <PreloadView val="N"/>
            <AllowEmptyDataview val="N"/>
            <KeepCreatedContext val="N"/>
          </TaskProperties>
          <SIDE_WIN>
            <AllowOptions val="N"/>
            <AllowQuery val="Y"/>
            <AllowModify val="Y"/>
            <AllowCreate val="Y"/>
            <AllowDelete val="Y"/>
            <AllowLocate val="Y"/>
            <AllowRange val="Y"/>
            <AllowIndexChange val="Y"/>
            <AllowSorting val="Y"/>
            <AllowIOFiles val="Y"/>
            <RecordCycle val="Y"/>
            <AllowEvents val="Y"/>
            <AllowIndexOptimization val="Y"/>
            <AllowLocationInQuery val="Y"/>
            <AllowPrintingData val="N"/>
          </SIDE_WIN>
          <WIN>
            <OpenTaskWindow val="N"/>
            <CloseTaskWindow val="Y"/>
            <ForegroundWindow val="Y"/>
            <FlipFld val="N"/>
            <RefreshTaskWindow ReturnValue="N"/>
          </WIN>
          <BOX>
            <Direction val="V"/>
          </BOX>
        </Information>
        <TaskLogic>
          <LogicUnit id="4" propagate="78">
            <Level val="R"/>
            <Type val="M"/>
            <Scope val="S"/>
            <EngineDirective val="S"/>
            <ShowMessage val="Y"/>
            <Condition val="89"/>
            <Event>
              <EventType val="S"/>
            </Event>
            <Expanded val="1"/>
            <LogicLines>
              <LogicLine>
                <DATAVIEW_SRC FlowIsn="2" Type="M">
                  <Condition val="N"/>
                  <Modifier val="B"/>
                  <Direction val="C"/>
                </DATAVIEW_SRC>
              </LogicLine>
              <LogicLine>
                <Select FieldID="1" FlowIsn="3" id="1">
                  <Column val="1"/>
                  <Type val="V"/>
                  <ExposedToRoute val="N"/>
                  <IsParameter val="N"/>
                  <DIFF_UPDATE val="T"/>
                  <Condition val="Y"/>
                  <Modifier val="S"/>
                  <Direction val="C"/>
                </Select>
              </LogicLine>
              <LogicLine>
                <Remark FlowIsn="4">
                  <Type val="0"/>
                  <Text val=" "/>
                </Remark>
              </LogicLine>
            </LogicLines>
          </LogicUnit>
          <LogicUnit id="4" propagate="78">
            <Level val="R"/>
            <Type val="S"/>
            <Scope val="S"/>
            <EngineDirective val="S"/>
            <ShowMessage val="Y"/>
            <Condition val="89"/>
            <Event>
              <EventType val="S"/>
            </Event>
            <Expanded val="1"/>
            <LogicLines>
              <LogicLine>
                <Evaluate FlowIsn="5">
                  <Expression val="1"/>
                  <Condition val="Y"/>
                  <Modifier val="B"/>
                  <Direction val="C"/>
                </Evaluate>
              </LogicLine>
              <LogicLine>
                <Remark FlowIsn="6">
                  <Type val="2"/>
                  <Text val=" "/>
                </Remark>
              </LogicLine>
              <LogicLine>
                <Remark FlowIsn="7">
                  <Type val="2"/>
                  <Text val="********  BeginTask-1********"/>
                </Remark>
              </LogicLine>
              <LogicLine>
                <Remark FlowIsn="8">
                  <Type val="2"/>
                  <Text val=" "/>
                </Remark>
              </LogicLine>
              <LogicLine>
                <Remark FlowIsn="9">
                  <Type val="2"/>
                  <Text val=" Before CallTask"/>
                </Remark>
              </LogicLine>
              <LogicLine>
                <Update FlowIsn="10">
                  <FieldID val="1"/>
                  <WithValue val="2"/>
                  <Incremental val="N"/>
                  <ForcedUpdate val="Y"/>
                  <Condition val="Y"/>
                  <Modifier val="B"/>
                  <Direction val="C"/>
                </Update>
              </LogicLine>
              <LogicLine>
                <Remark FlowIsn="11">
                  <Type val="2"/>
                  <Text val="------------------------------"/>
                </Remark>
              </LogicLine>
              <LogicLine>
                <Remark FlowIsn="12">
                  <Type val="2"/>
                  <Text val="CallTask"/>
                </Remark>
              </LogicLine>
              <LogicLine>
                <Evaluate FlowIsn="13">
                  <Expression val="4"/>
                  <Condition Exp="3"/>
                  <Modifier val="B"/>
                  <Direction val="C"/>
                </Evaluate>
              </LogicLine>
              <LogicLine>
                <Evaluate FlowIsn="14">
                  <Expression val="5"/>
                  <Condition val="Y"/>
                  <Modifier val="B"/>
                  <Direction val="C"/>
                </Evaluate>
              </LogicLine>
              <LogicLine>
                <CallTask FlowIsn="15">
                  <OperationType val="T"/>
                  <Event>
                    <EventType val="N"/>
                  </Event>
                  <TaskID comp="-1" obj="2"/>
                  <Lock val="N"/>
                  <Wait val="Y"/>
                  <SyncData val="N"/>
                  <RetainFocus val="N"/>
                  <Condition Exp="6"/>
                  <Modifier val="S"/>
                  <Direction val="C"/>
                </CallTask>
              </LogicLine>
              <LogicLine>
                <BLOCK EndBlock="21" EndBlockSegment="21" FlowIsn="16" Type="I">
                  <Condition Exp="7"/>
                  <Modifier val="B"/>
                  <Direction val="C"/>
                </BLOCK>
              </LogicLine>
              <LogicLine>
                <Evaluate FlowIsn="17">
                  <Expression val="8"/>
                  <Condition val="Y"/>
                  <Modifier val="B"/>
                  <Direction val="C"/>
                </Evaluate>
              </LogicLine>
              <LogicLine>
                <Evaluate FlowIsn="18">
                  <Expression val="9"/>
                  <Condition val="Y"/>
                  <Modifier val="B"/>
                  <Direction val="C"/>
                </Evaluate>
              </LogicLine>
              <LogicLine>
                <Evaluate FlowIsn="19">
                  <Expression val="10"/>
                  <Condition val="Y"/>
                  <Modifier val="B"/>
                  <Direction val="C"/>
                </Evaluate>
              </LogicLine>
              <LogicLine>
                <RaiseEvent FlowIsn="20">
                  <Event>
                    <EventType val="P"/>
                    <Exp val="11"/>
                  </Event>
                  <Wait val="89"/>
                  <Arguments>
                    <Argument>
                      <Expression val="12"/>
                      <Skip val="N"/>
                    </Argument>
                    <Argument>
                      <Expression val="13"/>
                      <Skip val="N"/>
                    </Argument>
                    <Argument>
                      <Skip val="Y"/>
                    </Argument>
                    <Argument>
                      <Expression val="14"/>
                      <Skip val="N"/>
                    </Argument>
                  </Arguments>
                  <Condition val="Y"/>
                  <Modifier val="S"/>
                  <Direction val="C"/>
                </RaiseEvent>
              </LogicLine>
              <LogicLine>
                <END_BLK FlowIsn="21"/>
              </LogicLine>
              <LogicLine>
                <Remark FlowIsn="22">
                  <Type val="2"/>
                  <Text val="------------------------------"/>
                </Remark>
              </LogicLine>
              <LogicLine>
                <Evaluate FlowIsn="23">
                  <Expression val="15"/>
                  <Condition val="Y"/>
                  <Modifier val="B"/>
                  <Direction val="C"/>
                </Evaluate>
              </LogicLine>
              <LogicLine>
                <Remark FlowIsn="24">
                  <Type val="2"/>
                  <Text val=" After CallTask"/>
                </Remark>
              </LogicLine>
              <LogicLine>
                <Remark FlowIsn="25">
                  <Type val="2"/>
                  <Text val="------------------------------"/>
                </Remark>
              </LogicLine>
              <LogicLine>
                <Remark FlowIsn="26">
                  <Type val="2"/>
                  <Text val=" "/>
                </Remark>
              </LogicLine>
              <LogicLine>
                <Remark FlowIsn="27">
                  <Type val="2"/>
                  <Text val="********  EndTask-1********"/>
                </Remark>
              </LogicLine>
              <LogicLine>
                <Remark FlowIsn="28">
                  <Type val="2"/>
                  <Text val=" "/>
                </Remark>
              </LogicLine>
              <LogicLine>
                <Remark FlowIsn="29">
                  <Type val="2"/>
                  <Text val=" "/>
                </Remark>
              </LogicLine>
              <LogicLine>
                <Evaluate FlowIsn="30">
                  <Expression val="17"/>
                  <Condition Exp="16"/>
                  <Modifier val="B"/>
                  <Direction val="C"/>
                </Evaluate>
              </LogicLine>
            </LogicLines>
          </LogicUnit>
          <LogicUnit id="4" propagate="78">
            <Level val="R"/>
            <Type val="P"/>
            <Scope val="S"/>
            <EngineDirective val="S"/>
            <ShowMessage val="Y"/>
            <Condition val="89"/>
            <Event>
              <EventType val="S"/>
            </Event>
            <Expanded val="1"/>
          </LogicUnit>
          <LogicUnit id="4" propagate="78">
            <Level val="T"/>
            <Type val="P"/>
            <Scope val="S"/>
            <EngineDirective val="S"/>
            <ShowMessage val="Y"/>
            <Condition val="89"/>
            <Event>
              <EventType val="S"/>
            </Event>
            <Expanded val="1"/>
          </LogicUnit>
          <LogicUnit id="4" propagate="78">
            <Level val="T"/>
            <Type val="S"/>
            <Scope val="S"/>
            <EngineDirective val="S"/>
            <ShowMessage val="Y"/>
            <Condition val="89"/>
            <Event>
              <EventType val="S"/>
            </Event>
            <Expanded val="1"/>
          </LogicUnit>
        </TaskLogic>
        <TaskForms>
          <FormEntry _last_test_id="1" id="1">
            <PropertyList model="FORM_GUI0">
              <Width id="23"/>
              <Height id="24"/>
              <_Comment id="218"/>
              <FormName id="311" valUnicode="Empty Program"/>
            </PropertyList>
          </FormEntry>
        </TaskForms>
        <Expressions>
          <Expression id="1">
            <ExpSyntax val="SetParam('xmlErr',' ')"/>
            <ExpAttribute val="B"/>
          </Expression>
          <Expression id="2">
            <ExpSyntax val="GetParam ('C.Test2Response')"/>
            <ExpAttribute val="*"/>
          </Expression>
          <Expression id="3">
            <ExpSyntax val="GetParam('Error')&lt;>0"/>
            <ExpAttribute val="B"/>
          </Expression>
          <Expression id="4">
            <ExpSyntax val="SetParam('MapperLastErrorCode',GetParam('Error'))"/>
            <ExpAttribute val="B"/>
          </Expression>
          <Expression id="5">
            <ExpSyntax val="SetParam('Error',0)"/>
            <ExpAttribute val="B"/>
          </Expression>
          <Expression id="6">
            <ExpSyntax val="BlobSize({0,1})>0"/>
            <ExpAttribute val="B"/>
          </Expression>
          <Expression id="7">
            <ExpSyntax val="BlobSize({0,1})=0"/>
            <ExpAttribute val="B"/>
          </Expression>
          <Expression id="8">
            <ExpSyntax val="SetParam('Error',454)"/>
            <ExpAttribute val="B"/>
          </Expression>
          <Expression id="9">
            <ExpSyntax val="SetParam ('C.sys.ErrorDescription',' Schema FlatFile_1 (id=1), '&amp;MlsTrans ('Source data does not exist.'))"/>
            <ExpAttribute val="B"/>
          </Expression>
          <Expression id="10">
            <ExpSyntax val="SetParam ('C.sys.LastErrorComponentType',11)"/>
            <ExpAttribute val="B"/>
          </Expression>
          <Expression id="11">
            <ExpSyntax val="'SaveInternalMSG'"/>
            <ExpAttribute val="A"/>
          </Expression>
          <Expression id="12">
            <ExpSyntax val="15"/>
            <ExpAttribute val="N"/>
          </Expression>
          <Expression id="13">
            <ExpSyntax val="MlsTrans('Error  ')&amp;Trim(Str(GetParam('Error'),'12'))&amp;':'&amp;GetParam ('C.sys.ErrorDescription')"/>
            <ExpAttribute val="A"/>
          </Expression>
          <Expression id="14">
            <ExpSyntax val="'txt'"/>
            <ExpAttribute val="A"/>
          </Expression>
          <Expression id="15">
            <ExpSyntax val="SetParam('xpi_SourceJsonIsNotWellFormed',NULL())"/>
            <ExpAttribute val="B"/>
          </Expression>
          <Expression id="16">
            <ExpSyntax val="GetParam('xmlErr')&lt;>''"/>
            <ExpAttribute val="B"/>
          </Expression>
          <Expression id="17">
            <ExpSyntax val="SetParam('C.sys.LastErrorInfo',GetParam('xmlErr'))"/>
            <ExpAttribute val="B"/>
          </Expression>
        </Expressions>
        <Task MainProgram="N">
          <Header Description="Variable_2" ISN_2="2" id="3">
            <ExecutionRight comp="-1"/>
            <Resident val="N"/>
            <SQL val="N"/>
            <ReturnValue>
              <ReturnValueAttr/>
              <ParametersAttributes/>
            </ReturnValue>
            <SqlWhereExist val="N"/>
            <TaskType val="B"/>
            <External val="Y"/>
            <DotNetObjectExists val="N"/>
            <LastModified _date="739126" _time="75481" date="28/08/2024" time="20:58:01"/>
          </Header>
          <ItemIsn val="14"/>
          <Resource>
            <IO FieldID="1" Parent="1" id="1">
              <Description val="I/O-FlatFile_Read"/>
              <Format val="L"/>
              <Media val="V"/>
              <Access val="R"/>
              <CHARSET val="3"/>
              <Vis2LogTranslation val="N"/>
              <FlipLines val="N"/>
            </IO>
            <Columns>
              <Column id="1" name="S_1_Result">
                <PropertyList model="FIELD">
                  <Model attr_obj="FIELD_UNICODE" id="1"/>
                  <Picture id="157" valUnicode="30"/>
                  <StoredAs id="173" val="32"/>
                  <Size id="174" val="60"/>
                  <Definition id="175" val="2"/>
                  <_FieldStyle id="276" val="1"/>
                </PropertyList>
              </Column>
              <Column id="2" name="S_1_Zone">
                <PropertyList model="FIELD">
                  <Model attr_obj="FIELD_UNICODE" id="1"/>
                  <Picture id="157" valUnicode="30"/>
                  <StoredAs id="173" val="32"/>
                  <Size id="174" val="60"/>
                  <Definition id="175" val="2"/>
                  <_FieldStyle id="276" val="1"/>
                </PropertyList>
              </Column>
              <Column id="3" name="S_1_Latitude">
                <PropertyList model="FIELD">
                  <Model attr_obj="FIELD_UNICODE" id="1"/>
                  <Picture id="157" valUnicode="30"/>
                  <StoredAs id="173" val="32"/>
                  <Size id="174" val="60"/>
                  <Definition id="175" val="2"/>
                  <_FieldStyle id="276" val="1"/>
                </PropertyList>
              </Column>
              <Column id="4" name="S_1_Longitude">
                <PropertyList model="FIELD">
                  <Model attr_obj="FIELD_UNICODE" id="1"/>
                  <Picture id="157" valUnicode="30"/>
                  <StoredAs id="173" val="32"/>
                  <Size id="174" val="60"/>
                  <Definition id="175" val="2"/>
                  <_FieldStyle id="276" val="1"/>
                </PropertyList>
              </Column>
              <Column id="5" name="S_1_Elevation">
                <PropertyList model="FIELD">
                  <Model attr_obj="FIELD_UNICODE" id="1"/>
                  <Picture id="157" valUnicode="30"/>
                  <StoredAs id="173" val="32"/>
                  <Size id="174" val="60"/>
                  <Definition id="175" val="2"/>
                  <_FieldStyle id="276" val="1"/>
                </PropertyList>
              </Column>
              <Column id="6" name="S_1_Street">
                <PropertyList model="FIELD">
                  <Model attr_obj="FIELD_UNICODE" id="1"/>
                  <Picture id="157" valUnicode="30"/>
                  <StoredAs id="173" val="32"/>
                  <Size id="174" val="60"/>
                  <Definition id="175" val="2"/>
                  <_FieldStyle id="276" val="1"/>
                </PropertyList>
              </Column>
              <Column id="7" name="S_1_ZIP">
                <PropertyList model="FIELD">
                  <Model attr_obj="FIELD_UNICODE" id="1"/>
                  <Picture id="157" valUnicode="30"/>
                  <StoredAs id="173" val="32"/>
                  <Size id="174" val="60"/>
                  <Definition id="175" val="2"/>
                  <_FieldStyle id="276" val="1"/>
                </PropertyList>
              </Column>
              <Column id="8" name="S_1_City">
                <PropertyList model="FIELD">
                  <Model attr_obj="FIELD_UNICODE" id="1"/>
                  <Picture id="157" valUnicode="30"/>
                  <StoredAs id="173" val="32"/>
                  <Size id="174" val="60"/>
                  <Definition id="175" val="2"/>
                  <_FieldStyle id="276" val="1"/>
                </PropertyList>
              </Column>
              <Column id="9" name="S_1_Standard">
                <PropertyList model="FIELD">
                  <Model attr_obj="FIELD_UNICODE" id="1"/>
                  <Picture id="157" valUnicode="30"/>
                  <StoredAs id="173" val="32"/>
                  <Size id="174" val="60"/>
                  <Definition id="175" val="2"/>
                  <_FieldStyle id="276" val="1"/>
                </PropertyList>
              </Column>
              <Column id="10" name="S_1_Annex">
                <PropertyList model="FIELD">
                  <Model attr_obj="FIELD_UNICODE" id="1"/>
                  <Picture id="157" valUnicode="30"/>
                  <StoredAs id="173" val="32"/>
                  <Size id="174" val="60"/>
                  <Definition id="175" val="2"/>
                  <_FieldStyle id="276" val="1"/>
                </PropertyList>
              </Column>
              <Column id="11" name="S_1_Note(s)">
                <PropertyList model="FIELD">
                  <Model attr_obj="FIELD_UNICODE" id="1"/>
                  <Picture id="157" valUnicode="30"/>
                  <StoredAs id="173" val="32"/>
                  <Size id="174" val="60"/>
                  <Definition id="175" val="2"/>
                  <_FieldStyle id="276" val="1"/>
                </PropertyList>
              </Column>
              <Column id="12" name="S_1_Legal notice">
                <PropertyList model="FIELD">
                  <Model attr_obj="FIELD_UNICODE" id="1"/>
                  <Picture id="157" valUnicode="30"/>
                  <StoredAs id="173" val="32"/>
                  <Size id="174" val="60"/>
                  <Definition id="175" val="2"/>
                  <_FieldStyle id="276" val="1"/>
                </PropertyList>
              </Column>
              <Column id="13" name="Source_FF">
                <PropertyList model="FIELD">
                  <Model attr_obj="FIELD_UNICODE" id="1"/>
                  <Picture id="157" valUnicode="371"/>
                  <StoredAs id="173"/>
                  <Size id="174" val="742"/>
                  <Definition id="175" val="2"/>
                  <_FieldStyle id="276" val="1"/>
                </PropertyList>
              </Column>
              <Column id="14" name="D_2_C.SnowResult">
                <PropertyList model="FIELD">
                  <Model attr_obj="FIELD_UNICODE" id="1"/>
                  <Picture id="157" valUnicode="30"/>
                  <NullAllowed id="166" val="Y"/>
                  <StoredAs id="173" val="32"/>
                  <Size id="174" val="60"/>
                  <Definition id="175" val="2"/>
                  <_FieldStyle id="276" val="1"/>
                </PropertyList>
              </Column>
            </Columns>
          </Resource>
          <Information>
            <Key>
              <Mode val="N"/>
            </Key>
            <DB comp="-1"/>
            <Sort>
              <CLS val="A"/>
            </Sort>
            <ForceRecordDelete DEL="N"/>
            <EndTaskCondition Exp="1"/>
            <EvaluateEndCondition val="A"/>
            <InitialMode val="M"/>
            <Locate Direction="A"/>
            <Range Direction="A"/>
            <VarRange/>
            <TaskProperties>
              <SelectionTable val="N"/>
              <ConfirmUpdate CNFU="N"/>
              <ConfirmCancel val="N"/>
              <ErrorStrategy val="R"/>
              <LockingStrategy val="M"/>
              <CacheStrategy val="T"/>
              <ForceRecordSuffix val="N"/>
              <TransactionMode val="P"/>
              <TransactionBegin val="N"/>
              <PreloadView val="N"/>
              <AllowEmptyDataview val="N"/>
              <KeepCreatedContext val="N"/>
            </TaskProperties>
            <SIDE_WIN>
              <AllowOptions val="N"/>
              <AllowQuery val="Y"/>
              <AllowModify val="Y"/>
              <AllowCreate val="Y"/>
              <AllowDelete val="Y"/>
              <AllowLocate val="Y"/>
              <AllowRange val="Y"/>
              <AllowIndexChange val="Y"/>
              <AllowSorting val="Y"/>
              <AllowIOFiles val="Y"/>
              <RecordCycle val="Y"/>
              <AllowEvents val="Y"/>
              <AllowIndexOptimization val="Y"/>
              <AllowLocationInQuery val="Y"/>
              <AllowPrintingData val="N"/>
            </SIDE_WIN>
            <WIN>
              <OpenTaskWindow val="N"/>
              <CloseTaskWindow val="Y"/>
              <ForegroundWindow val="Y"/>
              <FlipFld val="N"/>
              <RefreshTaskWindow ReturnValue="N"/>
            </WIN>
            <BOX>
              <Direction val="V"/>
            </BOX>
          </Information>
          <TaskLogic>
            <LogicUnit id="4" propagate="78">
              <Level val="R"/>
              <Type val="M"/>
              <Scope val="S"/>
              <EngineDirective val="S"/>
              <ShowMessage val="Y"/>
              <Condition val="89"/>
              <Event>
                <EventType val="S"/>
              </Event>
              <Expanded val="1"/>
              <LogicLines>
                <LogicLine>
                  <DATAVIEW_SRC FlowIsn="2" Type="M">
                    <Condition val="N"/>
                    <Modifier val="B"/>
                    <Direction val="C"/>
                  </DATAVIEW_SRC>
                </LogicLine>
                <LogicLine>
                  <Select FieldID="1" FlowIsn="3" id="1">
                    <Column val="1"/>
                    <Type val="V"/>
                    <ExposedToRoute val="N"/>
                    <IsParameter val="N"/>
                    <DIFF_UPDATE val="T"/>
                    <Condition val="Y"/>
                    <Modifier val="S"/>
                    <Direction val="C"/>
                  </Select>
                </LogicLine>
                <LogicLine>
                  <Select FieldID="2" FlowIsn="4" id="2">
                    <Column val="2"/>
                    <Type val="V"/>
                    <ExposedToRoute val="N"/>
                    <IsParameter val="N"/>
                    <DIFF_UPDATE val="T"/>
                    <Condition val="Y"/>
                    <Modifier val="S"/>
                    <Direction val="C"/>
                  </Select>
                </LogicLine>
                <LogicLine>
                  <Select FieldID="3" FlowIsn="5" id="3">
                    <Column val="3"/>
                    <Type val="V"/>
                    <ExposedToRoute val="N"/>
                    <IsParameter val="N"/>
                    <DIFF_UPDATE val="T"/>
                    <Condition val="Y"/>
                    <Modifier val="S"/>
                    <Direction val="C"/>
                  </Select>
                </LogicLine>
                <LogicLine>
                  <Select FieldID="4" FlowIsn="6" id="4">
                    <Column val="4"/>
                    <Type val="V"/>
                    <ExposedToRoute val="N"/>
                    <IsParameter val="N"/>
                    <DIFF_UPDATE val="T"/>
                    <Condition val="Y"/>
                    <Modifier val="S"/>
                    <Direction val="C"/>
                  </Select>
                </LogicLine>
                <LogicLine>
                  <Select FieldID="5" FlowIsn="7" id="5">
                    <Column val="5"/>
                    <Type val="V"/>
                    <ExposedToRoute val="N"/>
                    <IsParameter val="N"/>
                    <DIFF_UPDATE val="T"/>
                    <Condition val="Y"/>
                    <Modifier val="S"/>
                    <Direction val="C"/>
                  </Select>
                </LogicLine>
                <LogicLine>
                  <Select FieldID="6" FlowIsn="8" id="6">
                    <Column val="6"/>
                    <Type val="V"/>
                    <ExposedToRoute val="N"/>
                    <IsParameter val="N"/>
                    <DIFF_UPDATE val="T"/>
                    <Condition val="Y"/>
                    <Modifier val="S"/>
                    <Direction val="C"/>
                  </Select>
                </LogicLine>
                <LogicLine>
                  <Select FieldID="7" FlowIsn="9" id="7">
                    <Column val="7"/>
                    <Type val="V"/>
                    <ExposedToRoute val="N"/>
                    <IsParameter val="N"/>
                    <DIFF_UPDATE val="T"/>
                    <Condition val="Y"/>
                    <Modifier val="S"/>
                    <Direction val="C"/>
                  </Select>
                </LogicLine>
                <LogicLine>
                  <Select FieldID="8" FlowIsn="10" id="8">
                    <Column val="8"/>
                    <Type val="V"/>
                    <ExposedToRoute val="N"/>
                    <IsParameter val="N"/>
                    <DIFF_UPDATE val="T"/>
                    <Condition val="Y"/>
                    <Modifier val="S"/>
                    <Direction val="C"/>
                  </Select>
                </LogicLine>
                <LogicLine>
                  <Select FieldID="9" FlowIsn="11" id="9">
                    <Column val="9"/>
                    <Type val="V"/>
                    <ExposedToRoute val="N"/>
                    <IsParameter val="N"/>
                    <DIFF_UPDATE val="T"/>
                    <Condition val="Y"/>
                    <Modifier val="S"/>
                    <Direction val="C"/>
                  </Select>
                </LogicLine>
                <LogicLine>
                  <Select FieldID="10" FlowIsn="12" id="10">
                    <Column val="10"/>
                    <Type val="V"/>
                    <ExposedToRoute val="N"/>
                    <IsParameter val="N"/>
                    <DIFF_UPDATE val="T"/>
                    <Condition val="Y"/>
                    <Modifier val="S"/>
                    <Direction val="C"/>
                  </Select>
                </LogicLine>
                <LogicLine>
                  <Select FieldID="11" FlowIsn="13" id="11">
                    <Column val="11"/>
                    <Type val="V"/>
                    <ExposedToRoute val="N"/>
                    <IsParameter val="N"/>
                    <DIFF_UPDATE val="T"/>
                    <Condition val="Y"/>
                    <Modifier val="S"/>
                    <Direction val="C"/>
                  </Select>
                </LogicLine>
                <LogicLine>
                  <Select FieldID="12" FlowIsn="14" id="12">
                    <Column val="12"/>
                    <Type val="V"/>
                    <ExposedToRoute val="N"/>
                    <IsParameter val="N"/>
                    <DIFF_UPDATE val="T"/>
                    <Condition val="Y"/>
                    <Modifier val="S"/>
                    <Direction val="C"/>
                  </Select>
                </LogicLine>
                <LogicLine>
                  <Select FieldID="13" FlowIsn="15" id="13">
                    <Column val="13"/>
                    <Type val="V"/>
                    <ExposedToRoute val="N"/>
                    <IsParameter val="N"/>
                    <DIFF_UPDATE val="T"/>
                    <Condition val="Y"/>
                    <Modifier val="S"/>
                    <Direction val="C"/>
                  </Select>
                </LogicLine>
                <LogicLine>
                  <Select FieldID="14" FlowIsn="16" id="14">
                    <Column val="14"/>
                    <Type val="V"/>
                    <ExposedToRoute val="N"/>
                    <IsParameter val="N"/>
                    <DIFF_UPDATE val="T"/>
                    <Condition val="Y"/>
                    <Modifier val="S"/>
                    <Direction val="C"/>
                  </Select>
                </LogicLine>
              </LogicLines>
            </LogicUnit>
            <LogicUnit id="4" propagate="78">
              <Level val="R"/>
              <Type val="S"/>
              <Scope val="S"/>
              <EngineDirective val="S"/>
              <ShowMessage val="Y"/>
              <Condition val="89"/>
              <Event>
                <EventType val="S"/>
              </Event>
              <Expanded val="1"/>
              <LogicLines>
                <LogicLine>
                  <Remark FlowIsn="17">
                    <Type val="2"/>
                    <Text val="   ***Begin Source Builder   ***"/>
                  </Remark>
                </LogicLine>
                <LogicLine>
                  <FormIO FlowIsn="18">
                    <OperationType val="I"/>
                    <Delimiter val="C"/>
                    <IODeviceInfo>
                      <IoDeviceIndex val="1"/>
                    </IODeviceInfo>
                    <FormEntryInfo>
                      <FormEntryIndex val="2"/>
                    </FormEntryInfo>
                    <DelimiterChar val="32"/>
                    <Condition val="Y"/>
                    <Modifier val="B"/>
                    <Direction val="C"/>
                  </FormIO>
                </LogicLine>
                <LogicLine>
                  <Update FlowIsn="19">
                    <FieldID val="1"/>
                    <WithValue val="2"/>
                    <Incremental val="N"/>
                    <ForcedUpdate val="Y"/>
                    <Condition val="Y"/>
                    <Modifier val="B"/>
                    <Direction val="C"/>
                  </Update>
                </LogicLine>
                <LogicLine>
                  <Update FlowIsn="20">
                    <FieldID val="2"/>
                    <WithValue val="3"/>
                    <Incremental val="N"/>
                    <ForcedUpdate val="Y"/>
                    <Condition val="Y"/>
                    <Modifier val="B"/>
                    <Direction val="C"/>
                  </Update>
                </LogicLine>
                <LogicLine>
                  <Update FlowIsn="21">
                    <FieldID val="3"/>
                    <WithValue val="4"/>
                    <Incremental val="N"/>
                    <ForcedUpdate val="Y"/>
                    <Condition val="Y"/>
                    <Modifier val="B"/>
                    <Direction val="C"/>
                  </Update>
                </LogicLine>
                <LogicLine>
                  <Update FlowIsn="22">
                    <FieldID val="4"/>
                    <WithValue val="5"/>
                    <Incremental val="N"/>
                    <ForcedUpdate val="Y"/>
                    <Condition val="Y"/>
                    <Modifier val="B"/>
                    <Direction val="C"/>
                  </Update>
                </LogicLine>
                <LogicLine>
                  <Update FlowIsn="23">
                    <FieldID val="5"/>
                    <WithValue val="6"/>
                    <Incremental val="N"/>
                    <ForcedUpdate val="Y"/>
                    <Condition val="Y"/>
                    <Modifier val="B"/>
                    <Direction val="C"/>
                  </Update>
                </LogicLine>
                <LogicLine>
                  <Update FlowIsn="24">
                    <FieldID val="6"/>
                    <WithValue val="7"/>
                    <Incremental val="N"/>
                    <ForcedUpdate val="Y"/>
                    <Condition val="Y"/>
                    <Modifier val="B"/>
                    <Direction val="C"/>
                  </Update>
                </LogicLine>
                <LogicLine>
                  <Update FlowIsn="25">
                    <FieldID val="7"/>
                    <WithValue val="8"/>
                    <Incremental val="N"/>
                    <ForcedUpdate val="Y"/>
                    <Condition val="Y"/>
                    <Modifier val="B"/>
                    <Direction val="C"/>
                  </Update>
                </LogicLine>
                <LogicLine>
                  <Update FlowIsn="26">
                    <FieldID val="8"/>
                    <WithValue val="9"/>
                    <Incremental val="N"/>
                    <ForcedUpdate val="Y"/>
                    <Condition val="Y"/>
                    <Modifier val="B"/>
                    <Direction val="C"/>
                  </Update>
                </LogicLine>
                <LogicLine>
                  <Update FlowIsn="27">
                    <FieldID val="9"/>
                    <WithValue val="10"/>
                    <Incremental val="N"/>
                    <ForcedUpdate val="Y"/>
                    <Condition val="Y"/>
                    <Modifier val="B"/>
                    <Direction val="C"/>
                  </Update>
                </LogicLine>
                <LogicLine>
                  <Update FlowIsn="28">
                    <FieldID val="10"/>
                    <WithValue val="11"/>
                    <Incremental val="N"/>
                    <ForcedUpdate val="Y"/>
                    <Condition val="Y"/>
                    <Modifier val="B"/>
                    <Direction val="C"/>
                  </Update>
                </LogicLine>
                <LogicLine>
                  <Update FlowIsn="29">
                    <FieldID val="11"/>
                    <WithValue val="12"/>
                    <Incremental val="N"/>
                    <ForcedUpdate val="Y"/>
                    <Condition val="Y"/>
                    <Modifier val="B"/>
                    <Direction val="C"/>
                  </Update>
                </LogicLine>
                <LogicLine>
                  <Update FlowIsn="30">
                    <FieldID val="12"/>
                    <WithValue val="13"/>
                    <Incremental val="N"/>
                    <ForcedUpdate val="Y"/>
                    <Condition val="Y"/>
                    <Modifier val="B"/>
                    <Direction val="C"/>
                  </Update>
                </LogicLine>
                <LogicLine>
                  <Remark FlowIsn="31">
                    <Type val="2"/>
                    <Text val="   ***End Source Builder   ***"/>
                  </Remark>
                </LogicLine>
                <LogicLine>
                  <Remark FlowIsn="32">
                    <Type val="2"/>
                    <Text val=" "/>
                  </Remark>
                </LogicLine>
                <LogicLine>
                  <Remark FlowIsn="33">
                    <Type val="2"/>
                    <Text val=" "/>
                  </Remark>
                </LogicLine>
                <LogicLine>
                  <Remark FlowIsn="34">
                    <Type val="2"/>
                    <Text val=" **** Schema  Destination ****"/>
                  </Remark>
                </LogicLine>
                <LogicLine>
                  <Remark FlowIsn="35">
                    <Type val="2"/>
                    <Text val="   ***Begin Update Destination Vars   ***"/>
                  </Remark>
                </LogicLine>
                <LogicLine>
                  <Update FlowIsn="36">
                    <FieldID val="14"/>
                    <WithValue val="14"/>
                    <Incremental val="N"/>
                    <ForcedUpdate val="Y"/>
                    <Condition val="Y"/>
                    <Modifier val="B"/>
                    <Direction val="C"/>
                  </Update>
                </LogicLine>
                <LogicLine>
                  <Evaluate FlowIsn="37">
                    <Expression val="15"/>
                    <Condition val="Y"/>
                    <Modifier val="B"/>
                    <Direction val="C"/>
                  </Evaluate>
                </LogicLine>
                <LogicLine>
                  <Remark FlowIsn="38">
                    <Type val="2"/>
                    <Text val=" "/>
                  </Remark>
                </LogicLine>
                <LogicLine>
                  <Remark FlowIsn="39">
                    <Type val="2"/>
                    <Text val="   ***End Update Destination Vars   ***"/>
                  </Remark>
                </LogicLine>
                <LogicLine>
                  <Remark FlowIsn="40">
                    <Type val="2"/>
                    <Text val=" "/>
                  </Remark>
                </LogicLine>
              </LogicLines>
            </LogicUnit>
            <LogicUnit id="4" propagate="78">
              <Level val="R"/>
              <Type val="P"/>
              <Scope val="S"/>
              <EngineDirective val="S"/>
              <ShowMessage val="Y"/>
              <Condition val="89"/>
              <Event>
                <EventType val="S"/>
              </Event>
              <Expanded val="1"/>
            </LogicUnit>
            <LogicUnit id="4" propagate="78">
              <Level val="T"/>
              <Type val="P"/>
              <Scope val="S"/>
              <EngineDirective val="S"/>
              <ShowMessage val="Y"/>
              <Condition val="89"/>
              <Event>
                <EventType val="S"/>
              </Event>
              <Expanded val="1"/>
            </LogicUnit>
            <LogicUnit id="4" propagate="78">
              <Level val="T"/>
              <Type val="S"/>
              <Scope val="S"/>
              <EngineDirective val="S"/>
              <ShowMessage val="Y"/>
              <Condition val="89"/>
              <Event>
                <EventType val="S"/>
              </Event>
              <Expanded val="1"/>
            </LogicUnit>
          </TaskLogic>
          <TaskForms>
            <FormEntry _last_test_id="1" id="1">
              <PropertyList model="FORM_GUI0">
                <Width id="23"/>
                <Height id="24"/>
                <_Comment id="218"/>
                <FormName id="311" valUnicode="Empty Program"/>
              </PropertyList>
            </FormEntry>
          </TaskForms>
          <TaskForms>
            <FormEntry CLSS="2" _last_isn="1" _last_test_id="1" id="2">
              <PropertyList model="FORM_TEXT">
                <Width id="23" val="371"/>
                <Height id="24" val="1"/>
                <_Comment id="218"/>
                <FormName id="311" valUnicode="FF_Source_2"/>
              </PropertyList>
              <Control _test_id="1" id="1">
                <PropertyList model="CTRL_TEXT_EDIT">
                  <Model ID="MODEL_TEXTBASE" id="1">
                    <Var FieldID="13"/>
                  </Model>
                  <Width id="23" val="371"/>
                  <Height id="24" val="1"/>
                  <Data FieldID="13" id="43"/>
                  <_Orientation id="143"/>
                </PropertyList>
              </Control>
            </FormEntry>
          </TaskForms>
          <Expressions>
            <Expression id="1">
              <ExpSyntax val="EOF(0,1) OR GetParam('Error')&lt;>0"/>
              <ExpAttribute val="B"/>
            </Expression>
            <Expression id="2">
              <ExpSyntax val="StrToken(Trim({0,13}),1,',')"/>
              <ExpAttribute val="A"/>
            </Expression>
            <Expression id="3">
              <ExpSyntax val="StrToken(Trim({0,13}),2,',')"/>
              <ExpAttribute val="A"/>
            </Expression>
            <Expression id="4">
              <ExpSyntax val="StrToken(Trim({0,13}),3,',')"/>
              <ExpAttribute val="A"/>
            </Expression>
            <Expression id="5">
              <ExpSyntax val="StrToken(Trim({0,13}),4,',')"/>
              <ExpAttribute val="A"/>
            </Expression>
            <Expression id="6">
              <ExpSyntax val="StrToken(Trim({0,13}),5,',')"/>
              <ExpAttribute val="A"/>
            </Expression>
            <Expression id="7">
              <ExpSyntax val="StrToken(Trim({0,13}),6,',')"/>
              <ExpAttribute val="A"/>
            </Expression>
            <Expression id="8">
              <ExpSyntax val="StrToken(Trim({0,13}),7,',')"/>
              <ExpAttribute val="A"/>
            </Expression>
            <Expression id="9">
              <ExpSyntax val="StrToken(Trim({0,13}),8,',')"/>
              <ExpAttribute val="A"/>
            </Expression>
            <Expression id="10">
              <ExpSyntax val="StrToken(Trim({0,13}),9,',')"/>
              <ExpAttribute val="A"/>
            </Expression>
            <Expression id="11">
              <ExpSyntax val="StrToken(Trim({0,13}),10,',')"/>
              <ExpAttribute val="A"/>
            </Expression>
            <Expression id="12">
              <ExpSyntax val="StrToken(Trim({0,13}),11,',')"/>
              <ExpAttribute val="A"/>
            </Expression>
            <Expression id="13">
              <ExpSyntax val="StrToken(Trim({0,13}),12,',')"/>
              <ExpAttribute val="A"/>
            </Expression>
            <Expression id="14">
              <ExpSyntax val="{0,1}"/>
              <ExpAttribute val="U"/>
            </Expression>
            <Expression id="15">
              <ExpSyntax val="SetParam('C.SnowResult',IF(RTrim( {0,14} )&lt;>'',RTrim( {0,14} ),' '))"/>
              <ExpAttribute val="B"/>
            </Expression>
          </Expressions>
        </Task>
      </Task>
    </Programs>
  </ProgramsRepository>

</Application>
