<?xml version="1.0" encoding="UTF-8" standalone="no" ?>
<Application>

  <Header>
    <Version val="14060.00"/>
    <WithIsn val="Y"/>
  </Header>

  <ProgramsRepositoryHeaders>
    <Program>
      <Header Description="Main Program" ISN_2="1" LastIsn="1" id="1">
        <Resident val="N"/>
        <SQL val="N"/>
        <ReturnValue>
          <ReturnValueAttr/>
          <ParametersAttributes/>
        </ReturnValue>
        <SqlWhereExist val="N"/>
        <TaskType val="B"/>
        <External val="N"/>
        <Offline val="N"/>
        <Closeopentasks val="N"/>
        <RunProjectAs val="O"/>
        <FormType val="N"/>
        <DotNetObjectExists val="N"/>
        <LastModified _date="739126" _time="75484" date="28/08/2024" time="20:58:04"/>
      </Header>
      <SourceFileTimeStamp _date="739126" _time="55684" date="28/08/2024" time="15:28:04"/>
    </Program>
    <Program>
      <Header Description="map_1_3_4" ISN_2="1" LastIsn="2" id="2">
        <Public val="map_1_3_4"/>
        <ExecutionRight comp="-1"/>
        <Resident val="N"/>
        <SQL val="N"/>
        <ReturnValue>
          <ReturnValueAttr/>
          <ParametersAttributes/>
        </ReturnValue>
        <SqlWhereExist val="N"/>
        <TaskType val="B"/>
        <External val="Y"/>
        <Offline val="N"/>
        <DotNetObjectExists val="N"/>
        <LastModified _date="739126" _time="75480" date="28/08/2024" time="20:58:00"/>
      </Header>
      <SourceFileTimeStamp _date="739126" _time="55685" date="28/08/2024" time="15:28:05"/>
    </Program>
    <Program>
      <Header Description="map_1_3_5" ISN_2="1" LastIsn="2" id="3">
        <Public val="map_1_3_5"/>
        <ExecutionRight comp="-1"/>
        <Resident val="N"/>
        <SQL val="N"/>
        <ReturnValue>
          <ReturnValueAttr/>
          <ParametersAttributes/>
        </ReturnValue>
        <SqlWhereExist val="N"/>
        <TaskType val="B"/>
        <External val="Y"/>
        <Offline val="N"/>
        <DotNetObjectExists val="N"/>
        <LastModified _date="739126" _time="75481" date="28/08/2024" time="20:58:01"/>
      </Header>
      <SourceFileTimeStamp _date="739126" _time="55685" date="28/08/2024" time="15:28:05"/>
    </Program>
  </ProgramsRepositoryHeaders>

</Application>
